id,name,rights,display
exhibits/1941/Atlas-Geography_of_the_Heavens-Burritt-1833-01-02.xml,Atlas-Geography_of_the_Heavens-Burritt-1833-01.jpg,copyrighted,Copyright maintained by Vanderbilt University Special Collections
exhibits/1941/Atlas-Geography_of_the_Heavens-Burritt-1833-01-02.xml,Atlas-Geography_of_the_Heavens-Burritt-1833-02.jpg,copyrighted,Copyright maintained by Vanderbilt University Special Collections
exhibits/1941/Encyclopedie_Prospectus-Diderot-1751.xml,Encyclopedie_Prospectus-Diderot-1751.jpg,copyrighted,Copyright maintained by Vanderbilt University Special Collections
exhibits/1941/Essai_Politique-Humboldt-1825.xml,,copyrighted,Copyright maintained by Vanderbilt University Special Collections
exhibits/1941/Grand_Plan_de_Paris-Taride-1675.xml,Grand_Plan_de_Paris-Taride-1675.jpg,copyrighted,Copyright maintained by Vanderbilt University Special Collections
exhibits/1941/Histoire_Naturelle-1873.xml,Histoire_Naturelle-1873.jpg,copyrighted,Copyright maintained by Vanderbilt University Special Collections
exhibits/1941/Hore_beate_Marie_Virginis_scd'm_usum_Romanii_sine_require-Catholic_church-1503.xml,Hore_beate_Marie_Virginis_scd'm_usum_Romanii_sine_require-Catholic_church-1503.jpg,copyrighted,Copyright maintained by Vanderbilt University Special Collections
exhibits/1941/Micrographia-Hooke-1667.xml,Micrographia-Hooke-1667.jpg,copyrighted,Copyright maintained by Vanderbilt University Special Collections
exhibits/1941/Muybridge_Work_at_the_University_of_Pennsylvania-1888.xml,Muybridge_Work_at_the_University_of_Pennsylvania-1888.jpg,copyrighted,Copyright maintained by Vanderbilt University Special Collections
exhibits/1941/Nuremberg_Chronicle-1492.xml,Nuremberg_Chronicle-1492.jpg,copyrighted,Copyright maintained by Vanderbilt University Special Collections
exhibits/1941/Phytologia-Darwin-1800.xml,Phytologia-Darwin-1800.jpg,copyrighted,Copyright maintained by Vanderbilt University Special Collections
exhibits/1941/Principia_Philosophiae-1685-Descartes.xml,Principia_Philosophiae-1685-Descartes.jpg,copyrighted,Copyright maintained by Vanderbilt University Special Collections
exhibits/1941/Rosaland_Franklin-DNA-Maddox-p154-2002.xml,Rosaland_Franklin-DNA-Maddox-p154-2002.jpg,copyrighted,Copyright maintained by Vanderbilt University Special Collections
exhibits/1941/Systema_Naturae-Linne-1788.xml,Systema_Naturae-Linne-1788.jpg,copyrighted,Copyright maintained by Vanderbilt University Special Collections
exhibits/1941/The_Holy_Bible-1613.xml,The_Holy_Bible-1613.jpg,copyrighted,Copyright maintained by Vanderbilt University Special Collections
exhibits/1941/Voyage_Historique_de_L'Amerique_Meridionale-Ulloa-1752.xml,Voyage_Historique_de_L'Amerique_Meridionale-Ulloa-1752.jpg,copyrighted,Copyright maintained by Vanderbilt University Special Collections
exhibits/Crime-in-the-Archives/assassinations/MS0412-C-Lynette_Fromme-Postcard-April_25_1975-01-AB.xml,MS0412-C-Lynette_Fromme-Postcard-April_25_1975-01-AB.jpg,copyrighted,Copyright maintained by Vanderbilt University Special Collections
exhibits/Crime-in-the-Archives/assassinations/MS0412-C-Lynette_Fromme-Postcard-April_29-01-AB.xml,MS0412-C-Lynette_Fromme-Postcard-April_29-01-AB.jpg,copyrighted,Copyright maintained by Vanderbilt University Special Collections
exhibits/Crime-in-the-Archives/assassinations/MS0412-C-Lynette_Fromme-Postcard-Feb_1975-01-AB.xml,MS0412-C-Lynette_Fromme-Postcard-Feb_1975-01-AB.jpg,copyrighted,Copyright maintained by Vanderbilt University Special Collections
exhibits/Crime-in-the-Archives/assassinations/MS0412-C-Time-The_Girl_Who_Almost_Killed_Ford-Sept_15_1975.xml,MS0412-C-Time-The_Girl_Who_Almost_Killed_Ford-Sept_15_1975.jpg,copyrighted,Copyright maintained by Vanderbilt University Special Collections
exhibits/Crime-in-the-Archives/assassinations/MS0412-C-Washinton_Star-Sept_6_1975-Lynette_Fromme.01.xml,MS0412-C-Washinton_Star-Sept_6_1975-Lynette_Fromme.01.jpg,copyrighted,Copyright maintained by Vanderbilt University Special Collections
exhibits/Crime-in-the-Archives/assassinations/MS0412-C-Washinton_Star-Sept_6_1975-Lynette_Fromme.02.xml,MS0412-C-Washington_Star-Sept_6_1975-Lynette_Fromme.02.jpg,copyrighted,Copyright maintained by Vanderbilt University Special Collections
exhibits/Crime-in-the-Archives/assassinations/MS0412-Ford-assassin-Fromme.xml,MS0412-Ford-assassin-Fromme.jpg,copyrighted,Copyright maintained by Vanderbilt University Special Collections
exhibits/Crime-in-the-Archives/assassinations/MS0412-Ford-assassination_attempt.xml,MS0412-Ford-assassination_attempt.jpg,copyrighted,Copyright maintained by Vanderbilt University Special Collections
exhibits/Crime-in-the-Archives/Crime of the Century/MS0412-C-J_Edgar_Hoover_Autograph-1949.xml,MS0412-C-J_Edgar_Hoover_Autograph-1949.jpg,copyrighted,Copyright maintained by Vanderbilt University Special Collections
exhibits/Crime-in-the-Archives/Crime of the Century/MS0412-C-Lindbergh-Hauptmann_photos.xml,MS0412-C-Lindbergh-Hauptmann_photos.jpg,copyrighted,Copyright maintained by Vanderbilt University Special Collections
exhibits/Crime-in-the-Archives/Crime of the Century/MS0412-C-Lindbergh-Honor_program_cover-June_17_1927.xml,MS0412-C-Lindbergh-Honor_program_cover-June_17_1927.jpg,copyrighted,Copyright maintained by Vanderbilt University Special Collections
exhibits/Crime-in-the-Archives/Crime of the Century/MS0412-C-Lindbergh-Ladder-March_8_1932.xml,MS0412-C-Lindbergh-Ladder-March_8_1932.jpg,copyrighted,Copyright maintained by Vanderbilt University Special Collections
exhibits/Crime-in-the-Archives/Crime of the Century/MS0412-C-Lindbergh-Sept_22_1934-01.xml,MS0412-C-Lindbergh-Sept_22_1934-01.jpg,copyrighted,Copyright maintained by Vanderbilt University Special Collections
exhibits/Crime-in-the-Archives/Crime of the Century/MS0412-C-Lindbergh-Sept_22_1934-02.xml,MS0412-C-Lindbergh-Sept_22_1934-01.jpg,copyrighted,Copyright maintained by Vanderbilt University Special Collections
exhibits/Crime-in-the-Archives/Crime of the Century/MS0412-C-Lindbergh-Sept_22_1934-02.xml,MS0412-C-Lindbergh-Sept_22_1934-02.jpg,copyrighted,Copyright maintained by Vanderbilt University Special Collections
exhibits/Crime-in-the-Archives/Crime of the Century/MS0412-C-Lindbergh-Spirit_Autograph.xml,MS0412-C-Lindbergh-Spirit_Autograph.jpg,copyrighted,Copyright maintained by Vanderbilt University Special Collections
exhibits/Crime-in-the-Archives/Crime of the Century/MS0412-Lindbergh-coin.xml,MS0412-Lindbergh-coin.jpg,copyrighted,Copyright maintained by Vanderbilt University Special Collections
exhibits/Crime-in-the-Archives/Leopold and Loeb/HV6248_L43_L54_1958-C-Life_Plus_99_Years.xml,HV6248_L43_L54_1958-C-Life_Plus_99_Years.jpg,copyrighted,Copyright maintained by Vanderbilt University Special Collections
exhibits/Crime-in-the-Archives/Leopold and Loeb/MS0412-C-Leopold_and_Loeb-Courthouse_Crowds-July_24_1924.xml,MS0412-C-Leopold_and_Loeb-Courthouse_Crowds-July_24_1924.jpg,copyrighted,Copyright maintained by Vanderbilt University Special Collections
exhibits/Crime-in-the-Archives/Leopold and Loeb/MS0412-C-Nathan_F_Leopold_letter-Dec_7_1964.xml,MS0412-C-Nathan_F_Leopold_letter-Dec_7_1964.jpg,copyrighted,Copyright maintained by Vanderbilt University Special Collections
exhibits/Crime-in-the-Archives/Leopold and Loeb/MS0412-C-Richard_Loeb-Slain_in_Prison-Jan_28_1936.xml,MS0412-C-Richard_Loeb-Slain_in_Prison-Jan_28_1936.jpg,copyrighted,Copyright maintained by Vanderbilt University Special Collections
exhibits/Crime-in-the-Archives/Leopold and Loeb/The_San_Fransisco_Call-Aug_28_1924.xml,The_San_Fransisco_Call-Aug_28_1924.jpg,copyrighted,Copyright maintained by Vanderbilt University Special Collections
exhibits/Crime-in-the-Archives/Making Money from Murder/Compulsion-M_Levin-1956-cover.xml,Compulsion-M_Levin-1956-cover.jpg,copyrighted,Copyright maintained by Vanderbilt University Special Collections
exhibits/Crime-in-the-Archives/Making Money from Murder/F594_J24_F73_1915-C-Frank_James.xml,F594_J24_F73_1915-C-Frank_James.jpg,copyrighted,Copyright maintained by Vanderbilt University Special Collections
exhibits/Crime-in-the-Archives/Making Money from Murder/More_of_the_Shadow-C-Records-1979.xml,More_of_the_Shadow-C-Records-1979.jpg,copyrighted,Copyright maintained by Vanderbilt University Special Collections
exhibits/Crime-in-the-Archives/Making Money from Murder/MS0412-Bonnie-Clyde-movie_photo.xml,MS0412-Bonnie-Clyde-movie_photo.jpg,copyrighted,Copyright maintained by Vanderbilt University Special Collections
exhibits/Crime-in-the-Archives/Making Money from Murder/MS0412-Bonnie-Clyde-novelty_money.xml,MS0412-Bonnie-Clyde-novelty_money.jpg,copyrighted,Copyright maintained by Vanderbilt University Special Collections
exhibits/Crime-in-the-Archives/Making Money from Murder/MS0412-BostonStrangler-movie_photo.xml,MS0412-BostonStrangler-movie_photo.jpg,copyrighted,Copyright maintained by Vanderbilt University Special Collections
exhibits/Crime-in-the-Archives/Making Money from Murder/MS0412-C-Compulsion-1959.xml,MS0412-C-Compulsion-1959.jpg,copyrighted,Copyright maintained by Vanderbilt University Special Collections
exhibits/Crime-in-the-Archives/Making Money from Murder/MS0412-C-Jack_Webb-Time-March_15_1954.xml,MS0412-C-Jack_Webb-Time-March_15_1954.jpg,copyrighted,Copyright maintained by Vanderbilt University Special Collections
exhibits/Crime-in-the-Archives/Making Money from Murder/MS0412-C-Lindbergh-Movie-1977.xml,MS0412-C-Lindbergh-Movie-1977.jpg,copyrighted,Copyright maintained by Vanderbilt University Special Collections
exhibits/Crime-in-the-Archives/Making Money from Murder/MS0412-Frank_James-movie_photo.xml,MS0412-Frank_James-movie_photo.jpg,copyrighted,Copyright maintained by Vanderbilt University Special Collections
exhibits/Crime-in-the-Archives/Making Money from Murder/MS0412-Leopold-Loeb-trial.xml,MS0412-Leopold-Loeb-trial.jpg,copyrighted,Copyright maintained by Vanderbilt University Special Collections
exhibits/Crime-in-the-Archives/Making Money from Murder/Murder_Can_Be_Fun-no.12-J_Marr-1990.xml,Murder_Can_Be_Fun-no.12-J_Marr-1990.jpg,copyrighted,Copyright maintained by Vanderbilt University Special Collections
exhibits/Crime-in-the-Archives/Making Money from Murder/Murder_Can_Be_Fun-no.14-J_Marr-1992.xml,Murder_Can_Be_Fun-no.14-J_Marr-1992.jpg,copyrighted,Copyright maintained by Vanderbilt University Special Collections
exhibits/Crime-in-the-Archives/Robbers/20150417SG036.xml,20150417SG036.jpg,copyrighted,Copyright maintained by Vanderbilt University Special Collections
exhibits/Crime-in-the-Archives/Robbers/MS0049-Jesse_James_lyrics-B01-F96-AB.xml,MS0049-Jesse_James_lyrics-B01-F96-A.jpg,copyrighted,Copyright maintained by Vanderbilt University Special Collections
exhibits/Crime-in-the-Archives/Robbers/MS0049-Jesse_James_lyrics-B01-F96-AB.xml,MS0049-Jesse_James_lyrics-B01-F96-B.jpg,copyrighted,Copyright maintained by Vanderbilt University Special Collections
exhibits/Crime-in-the-Archives/Robbers/MS0412-C-Bonnie_and_Clyde-San_Antonio-April_3_1932.xml,MS0412-C-Bonnie_and_Clyde-San_Antonio-April_3_1932.jpg,copyrighted,Copyright maintained by Vanderbilt University Special Collections
exhibits/Crime-in-the-Archives/Robbers/MS0412-C-Clyde_Barrow-Jan_2_1932.xml,MS0412-C-Clyde_Barrow-Jan_2_1932.jpg,copyrighted,Copyright maintained by Vanderbilt University Special Collections
exhibits/Crime-in-the-Archives/Robbers/MS0412-C-Frank_James-1883-01-AB.xml,MS0412-C-Frank_James-1883-01-AB.jpg,copyrighted,Copyright maintained by Vanderbilt University Special Collections
exhibits/Crime-in-the-Archives/Robbers/MS0412-C-Frank_James_portrait.xml,MS0412-C-Frank_James_portrait.jpg,copyrighted,Copyright maintained by Vanderbilt University Special Collections
exhibits/Photography/20150417SG014.xml,20150417SG014.jpg,copyrighted,Copyright maintained by Vanderbilt University Special Collections
exhibits/Photography/20150417SG028.xml,20150417SG028.jpg,copyrighted,Copyright maintained by Vanderbilt University Special Collections
exhibits/Photography/Eskind_VUMC-Camp_Hospital_France-1918.xml,Eskind_VUMC-Camp_Hospital_France-1918.jpg,copyrighted,Copyright maintained by Vanderbilt University Special Collections
exhibits/Photography/Eskind_VUMC-Cancer_Cell-1956-42.xml,Eskind_VUMC-Cancer_Cell-1956-42.jpg,copyrighted,Copyright maintained by Vanderbilt University Special Collections
exhibits/Photography/Eskind_VUMC-E_Goodpasture-scrapbook.xml,Eskind_VUMC-E_Goodpasture-scrapbook.jpg,copyrighted,Copyright maintained by Vanderbilt University Special Collections
exhibits/Photography/Eskind_VUMC-K_Anderson-Scrapbook-A.xml,Eskind_VUMC-K_Anderson-Scrapbook-B.jpg,copyrighted,Copyright maintained by Vanderbilt University Special Collections
exhibits/Photography/Eskind_VUMC-K_Anderson-Scrapbook-B.xml,Eskind_VUMC-K_Anderson-Scrapbook-B.jpg,copyrighted,Copyright maintained by Vanderbilt University Special Collections
exhibits/Photography/Eskind_VUMC-Lt.Kennon-1917.xml,Eskind_VUMC-Lt.Kennon-1917.jpg,copyrighted,Copyright maintained by Vanderbilt University Special Collections
exhibits/Photography/Eskind_VUMC-Transit-in-France-1918.xml,Eskind_VUMC-Transit_in_France-1918.jpg,copyrighted,Copyright maintained by Vanderbilt University Special Collections
exhibits/Photography/Eskind_VUMC-W_Gunter-Scrapbook.xml,Eskind_VUMC-W_Gunter-scrapbook.jpg,copyrighted,Copyright maintained by Vanderbilt University Special Collections
exhibits/Photography/Eskind_VUMC-WW1-Hospital_Mess-1918.xml,Eskind_VUMC-WW1-Hospital_Mess-1918.jpg,copyrighted,Copyright maintained by Vanderbilt University Special Collections
exhibits/Photography/Eskind_VUMC-WW1-Nurses-1918.xml,Eskind_VUMC-WW1-Nurses-1918.jpg,copyrighted,Copyright maintained by Vanderbilt University Special Collections
exhibits/Photography/Eskind_VUMC-WW1-Vanderbilt_Unit-1917.xml,Eskind_VUMC-WW1-Vanderbilt_Unit-1917.jpg,copyrighted,Copyright maintained by Vanderbilt University Special Collections
exhibits/Photography/FreedomPress_Camera_12.xml,FreedomPress_Camera_12.jpg,copyrighted,Copyright maintained by Vanderbilt University Special Collections
exhibits/Photography/Heart of the Mosquito Anopheles Gambiae.xml,Mosquito Heart Dept_of_Biological_Sciences.jpg,copyrighted,Copyright maintained by Vanderbilt University Department of Biology
exhibits/Photography/MS0031-Andromeda-slide21.xml,MS0031-Andromeda-slide21.jpg,copyrighted,Copyright maintained by Vanderbilt University Special Collections
exhibits/Photography/MS0031-Barnard-Lick-Obsrv1893.xml,MS0031-Barnard-Lick-Obsrv1893.jpg,copyrighted,Copyright maintained by Vanderbilt University Special Collections
exhibits/Photography/MS0031-Barnard-Lick-Obsrv1913.xml,MS0031-Barnard-Lick-Obsrv1913.jpg,copyrighted,Copyright maintained by Vanderbilt University Special Collections
exhibits/Photography/MS0031-Braid-Barnard-Calvert.xml,MS0031-Braid-Barnard-Calvert.jpg,copyrighted,Copyright maintained by Vanderbilt University Special Collections
exhibits/Photography/MS0031-Jupiter_Camera-c1885.xml,MS0031-Jupiter_Camera-c1885.jpg,copyrighted,Copyright maintained by Vanderbilt University Special Collections
exhibits/Photography/MS0031-P-Barnard-Total-Eclipse-June_8_1918.xml,MS0031-P-Barnard-Total_Eclipse-June_8_1918.jpg,copyrighted,Copyright maintained by Vanderbilt University Special Collections
exhibits/Photography/MS0031-Solar-Eclipse-Slide_11.xml,MS0031-SolarEclipse-slide11.jpg,copyrighted,Copyright maintained by Vanderbilt University Special Collections
exhibits/Photography/MS0123-P-Centennial_Cufflinks-1897.xml,MS0123-P-Centennial_Cufflinks-1897.jpg,copyrighted,Copyright maintained by Vanderbilt University Special Collections
exhibits/Photography/MS0242-Kirkland_family_relative.xml,MS0242-Kirkland_family_relative.jpg,copyrighted,Copyright maintained by Vanderbilt University Special Collections
exhibits/Photography/MS0242-P-Becky_Grandma_Henderson's_Cook-1890.xml,MS0242-P-Becky-Grandma_Henderson's_Cook-1890.jpg,copyrighted,Copyright maintained by Vanderbilt University Special Collections
exhibits/Photography/MS0242-P-Elizabeth-Kirkland-Merritt-Nurse-Ida-c1901.xml,MS0242-P-Elizabeth_Kirkland_Merritt-Nurse_Ida-c1901.jpg,copyrighted,Copyright maintained by Vanderbilt University Special Collections
exhibits/Photography/MS0242-P-Grandpa_Henderson-Confederate_Uniform-c1860.xml,MS0242-P-Grandpa_Henderson-Confederate_Uniform-c1860.jpg,copyrighted,Copyright maintained by Vanderbilt University Special Collections
exhibits/Photography/MS0242-P-Harriet_Eliza_Smiley(Henderson)-c1860-.xml,MS0242-P-Harriet_Eliza_Smiley(Henderson)-c1860.jpg,copyrighted,Copyright maintained by Vanderbilt University Special Collections
exhibits/Photography/MS0242-P-Louise_and_Willie-Tarboux-1895.xml,MS0242-P-Louise_and_Willie_Tarboux-1895.jpg,copyrighted,Copyright maintained by Vanderbilt University Special Collections
exhibits/Photography/MS0242-P-Mary_Henderson-Robert_Clark_and_friends_c1887.xml,MS0242-P-Mary_Henderson-Robert_Clark_and_friends-c1887.jpg,copyrighted,Copyright maintained by Vanderbilt University Special Collections
exhibits/Photography/MS0242-P-Mary_Henderson_Kirkland-1914.xml,MS0242-P-Mary_Henderson_Kirkland-1914.jpg,copyrighted,Copyright maintained by Vanderbilt University Special Collections
exhibits/Photography/MS0242-P-WA_Henderson-c1890.xml,MS0242-P-WA_Henderson-c1890.jpg,copyrighted,Copyright maintained by Vanderbilt University Special Collections
exhibits/Photography/MS0468-P-Boudoir_Hair-c1890-possibly_Alva_Vanderbilt.xml,MS0468-P-Boudoir_Hair-c1890-possibly_Alva_Vanderbilt.jpg,copyrighted,Copyright maintained by Vanderbilt University Special Collections
exhibits/Photography/MS0468-P-Gertrude_Conaway_Vanderbilt-c1930.xml,MS0468-P-Gertrude_Conaway_Vanderbilt-c1930.jpg,copyrighted,Copyright maintained by Vanderbilt University Special Collections
exhibits/Photography/MS0468-P-Harold_Stirling_and_Gertrude_Conaway_Vanderbilt-c1935.xml,MS0468-P-Harold_Stirling_and_Gertrude_Conaway_Vanderbilt-c.1935.jpg,copyrighted,Copyright maintained by Vanderbilt University Special Collections
exhibits/Photography/MS0483-P-Paris-Notre_Dame.xml,MS0483-P-Paris-Notre_Dame.jpg,copyrighted,Copyright maintained by Vanderbilt University Special Collections
exhibits/Photography/MS0546-P-70-North-1901.xml,MS0546-P-70-North-1901.jpg,copyrighted,Copyright maintained by Vanderbilt University Special Collections
exhibits/Photography/MS0546-P-77-YMCA-1901.xml,MS0546-P-77-YMCA-1901.jpg,copyrighted,Copyright maintained by Vanderbilt University Special Collections
exhibits/Photography/MS0546-P-85-Coach-1901.xml,MS0546-P-85-Coach-1901.jpg,copyrighted,Copyright maintained by Vanderbilt University Special Collections
exhibits/Photography/MS0546-P-86-Architecture-1901.xml,MS0546-P-86-Architecture-1901.jpg,copyrighted,Copyright maintained by Vanderbilt University Special Collections
exhibits/Photography/MS0546-P-93-Miss_Smith-1901.xml,MS0546-P-93-Miss_Smith-1901.jpg,copyrighted,Copyright maintained by Vanderbilt University Special Collections
exhibits/Photography/MS0546-P-97-Conger-1901.xml,MS0546-P-97-Conger-1901.jpg,copyrighted,Copyright maintained by Vanderbilt University Special Collections
exhibits/Photography/MS0774-Amputee_Miner-1968.xml,MS0774-Amputee_Miner-1968.jpg,copyrighted,Copyright retained by Jack Corn.
exhibits/Photography/MS0774-Cards_on_the_Hood-1968.xml,MS0774-Cards_on_the_Hood-1968.jpg,copyrighted,Copyright retained by Jack Corn.
exhibits/Photography/MS0774-Classroom_stove-1968.xml,MS0774-Classroom_stove-1968.jpg,copyrighted,Copyright retained by Jack Corn.
exhibits/Photography/MS0774-Woman_Boy_on_Porch-c1968.xml,MS0774-Woman_Boy_on_Porch-c1968.jpg,copyrighted,Copyright retained by Jack Corn.
exhibits/Photography/Ms0774-Wounded_Miner-1968.xml,MS0774-Wounded_Miner-1968.jpg,copyrighted,Copyright retained by Jack Corn.
exhibits/Photography/MS0827-P-Bald-Head-Cliff-1901.xml,MS0827-P-Bald_Head_Cliff-1901.jpg,copyrighted,Copyright maintained by Vanderbilt University Special Collections
exhibits/Photography/MS0827-P-Crevasse-1902.xml,MS0827-P-Crevasse-1902.jpg,copyrighted,Copyright maintained by Vanderbilt University Special Collections
exhibits/Photography/MS0827-P-Erie_Canal-1900.xml,MS0827-P-Erie_Canal-1900.jpg,copyrighted,Copyright maintained by Vanderbilt University Special Collections
exhibits/Photography/MS0827-P-Gettysburg-1903.xml,MS0827-P-Gettysburg-1903.jpg,copyrighted,Copyright maintained by Vanderbilt University Special Collections
exhibits/Photography/MS0827-P-Havana_Cuba-1900.xml,MS0827-P-Havana_Cuba-1900.jpg,copyrighted,Copyright maintained by Vanderbilt University Special Collections
exhibits/Photography/MS0827-P-Lick-Observatory-1902.xml,MS0827-P-Lick_Observatory-1902.jpg,copyrighted,Copyright maintained by Vanderbilt University Special Collections
exhibits/Photography/MS0827-P-Ophir_Roses-1902.xml,MS0827-P-Ophir_Roses-1902.jpg,copyrighted,Copyright maintained by Vanderbilt University Special Collections
exhibits/Photography/MS0827-P-Passaic_Falls-1902.xml,MS0827-P-Passaic_Falls-1902.jpg,copyrighted,Copyright maintained by Vanderbilt University Special Collections
exhibits/Photography/MS0827-P-Pike's_Peak-1898.xml,MS0827-P-Pikes_Peak-1898.jpg,copyrighted,Copyright maintained by Vanderbilt University Special Collections
exhibits/Photography/MS0827-P-Point_Sublime-1901.xml,MS0827-P-Point_Sublime-1901.jpg,copyrighted,Copyright maintained by Vanderbilt University Special Collections
exhibits/Photography/MS0827-P-Pulpit_Rock-1900.xml,MS0827-P-Pulpit_Rock-1900.jpg,copyrighted,Copyright maintained by Vanderbilt University Special Collections
exhibits/Photography/MS0827-P-Selkirk_Mountains-1902.xml,MS0827-P-Selkirk_Mountains-1902.jpg,copyrighted,Copyright maintained by Vanderbilt University Special Collections
exhibits/Photography/MS0827-P-St._Augustine-1898.xml,MS0827-P-St_Augustine-1898.jpg,copyrighted,Copyright maintained by Vanderbilt University Special Collections
exhibits/Photography/sc.mss.0123.166.xml,sc.mss.0123.166.jpg,copyrighted,Copyright maintained by Vanderbilt University Special Collections
exhibits/Photography/sc.mss.0123.171-A.xml,sc.mss.0123.171-A.jpg,copyrighted,Copyright maintained by Vanderbilt University Special Collections
exhibits/Photography/sc.mss.0123.171-B.xml,sc.mss.0123.171-B.jpg,copyrighted,Copyright maintained by Vanderbilt University Special Collections
exhibits/Photography/sc.mss.0159.238.xml,sc.mss.0159.238.jpg,copyrighted,Copyright maintained by Vanderbilt University Special Collections
exhibits/Photography/sc.mss.0332.178.xml,sc.mss.0332.178.jpg,copyrighted,Copyright maintained by Vanderbilt University Special Collections
exhibits/Photography/sc.mss.0332.223.xml,sc.mss.0332.223.jpg,copyrighted,Copyright maintained by Vanderbilt University Special Collections
exhibits/Photography/SDSS-caps-72dpi.xml,SDSS-caps-72dpi.jpg,copyrighted,Copyright maintained by Vanderbilt University Special Collections
"exhibits/Satellite-Divinity/Buber, Rosenzweig/BM755_R6_G5-Franz_Rosenzweig-title_page.xml",BM755_R6_G5-Franz_Rosenzweig-title_page.jpg,copyrighted,Copyright maintained by Vanderbilt University Special Collections
"exhibits/Satellite-Divinity/Buber, Rosenzweig/F001-Rozenzweig-01-02.xml",F001-Rozenzweig-01.jpg,copyrighted,Copyright maintained by Vanderbilt University Special Collections
"exhibits/Satellite-Divinity/Buber, Rosenzweig/F001-Rozenzweig-01-02.xml",F001-Rozenzweig-02.jpg,copyrighted,Copyright maintained by Vanderbilt University Special Collections
"exhibits/Satellite-Divinity/Buber, Rosenzweig/F213-Rozenzweig-05.xml",F213-Rozenzweig-05.jpg,copyrighted,Copyright maintained by Vanderbilt University Special Collections
"exhibits/Satellite-Divinity/Buber, Rosenzweig/F214-Rozenzweig-03.xml",F214-Rozenzweig-03.jpg,copyrighted,Copyright maintained by Vanderbilt University Special Collections
"exhibits/Satellite-Divinity/Buber, Rosenzweig/F214-Rozenzweig-06.xml",F214-Rozenzweig-06.jpg,copyrighted,Copyright maintained by Vanderbilt University Special Collections
"exhibits/Satellite-Divinity/Buber, Rosenzweig/F215-Rozenzweig-06.xml",F215-Rozenzweig-06.jpg,copyrighted,Copyright maintained by Vanderbilt University Special Collections
"exhibits/Satellite-Divinity/Buber, Rosenzweig/F220-Rozenzweig-01.xml",F220-Rozenzweig-01.jpg,copyrighted,Copyright maintained by Vanderbilt University Special Collections
"exhibits/Satellite-Divinity/Buber, Rosenzweig/F226-Rozenzweig-01.xml",F226-Rozenzweig-01.jpg,copyrighted,Copyright maintained by Vanderbilt University Special Collections
"exhibits/Satellite-Divinity/Buber, Rosenzweig/F229-Rozenzweig-01.xml",F229-Rozenzweig-01.jpg,copyrighted,Copyright maintained by Vanderbilt University Special Collections
"exhibits/Satellite-Divinity/Buber, Rosenzweig/Glatzer1.xml",Glatzer1.jpg,copyrighted,Copyright maintained by The National Center for Jewish Film.
"exhibits/Satellite-Divinity/Buber, Rosenzweig/LC746_G4_R6713-1965-On_Jewish_Leadership-1965.xml",LC746_G4_R6713-1965-On_Jewish_Leadership-1965.jpg,copyrighted,Copyright maintained by Vanderbilt University Special Collections
"exhibits/Satellite-Divinity/Buber, Rosenzweig/Rosenzweig-Stern_Erlosung-1921_FULL.xml",Rosenzweig-Stern_Erlosung-1921_FULL.jpg,copyrighted,Copyright maintained by Vanderbilt University Special Collections
"exhibits/Satellite-Divinity/Buber, Rosenzweig/spice box.xml",Spice Box.jpg,copyrighted,Copyright maintained by Vanderbilt University Special Collections
exhibits/Satellite-Divinity/Jewels of the Collection/BM674_633_R68-1966-Haggadah_for_Passover.xml,BM674_633_R68-1966-Haggadah_for_Passover-02.jpg,copyrighted,Copyright maintained by Vanderbilt University Special Collections
exhibits/Satellite-Divinity/Jewels of the Collection/BM674_633_R68-1966-Haggadah_for_Passover.xml,BM674_633_R68-1966-Haggadah_for_Passover-04-page_8.jpg,copyrighted,Copyright maintained by Vanderbilt University Special Collections
exhibits/Satellite-Divinity/Jewels of the Collection/BM674_633_R68-1966-Haggadah_for_Passover.xml,BM674_633_R68-1966-Haggadah_for_Passover-01-Reckoning_of_the_Miracles.jpg,copyrighted,Copyright maintained by Vanderbilt University Special Collections
exhibits/Satellite-Divinity/Jewels of the Collection/BM675_P4_J4_v1-Birds_Head_Haggada.xml,BM675_P4_J4_v1-Birds_Head_Haggada.jpg,copyrighted,Copyright maintained by Vanderbilt University Special Collections
exhibits/Satellite-Divinity/Jewels of the Collection/CJ5793_J4_J82-1969-Medallic_History_of_the_Jewish_People-01-02.xml,CJ5793_J4_J82-1969-Medallic_History_of_the_Jewish_People-01.jpg,copyrighted,Copyright maintained by Vanderbilt University Special Collections
exhibits/Satellite-Divinity/Jewels of the Collection/CJ5793_J4_J82-1969-Medallic_History_of_the_Jewish_People-01-02.xml,CJ5793_J4_J82-1969-Medallic_History_of_the_Jewish_People-02.jpg,copyrighted,Copyright maintained by Vanderbilt University Special Collections
exhibits/Satellite-Divinity/Jewels of the Collection/ND533_B514_A45-1960-62_Psaumes-01-06.xml,ND533_B514_A45-1960-62_Psaumes-01.jpg,copyrighted,Copyright maintained by Vanderbilt University Special Collections
exhibits/Satellite-Divinity/Jewels of the Collection/ND533_B514_A45-1960-62_Psaumes-01-06.xml,ND533_B514_A45-1960-62_Psaumes-06.jpg,copyrighted,Copyright maintained by Vanderbilt University Special Collections
"exhibits/Satellite-Divinity/Kuhlman, Elbogen/BM660_E37-Der_Judische_Gottesdienst-cover.xml",BM660_E37-Der_Judische_Gottesdienst-cover.jpg,copyrighted,Copyright maintained by Vanderbilt University Special Collections
"exhibits/Satellite-Divinity/Kuhlman, Elbogen/Frederick_Kuhlman-pa.por.kuha.005.xml",Frederick_Kuhlman-pa.por.kuha.005.jpg,copyrighted,Copyright maintained by Vanderbilt University Special Collections
"exhibits/Satellite-Divinity/Kuhlman, Elbogen/Ismar_Elbogen_portrait-Judaica_Collection_booklet.xml",Ismar_Elbogen_portrait-Judaica_Collection_booklet.jpg,copyrighted,Copyright maintained by Vanderbilt University Special Collections
"exhibits/Satellite-Divinity/Kuhlman, Elbogen/Judaica-B886F30-Kuhlman-Elbogan-April_12_1944.xml",Judaica-B886F30-Kuhlman-Elbogan-April_12_1944.jpg,copyrighted,Copyright maintained by Vanderbilt University Special Collections
"exhibits/Satellite-Divinity/Kuhlman, Elbogen/Judaica-B886F31-Kuhlman-Teitlebaum.xml",Judaica-B886F31-Kuhlman-Teitlebaum.jpg,copyrighted,Copyright maintained by Vanderbilt University Special Collections
"exhibits/Satellite-Divinity/Kuhlman, Elbogen/Menorah.xml",Menorah.JPG,copyrighted,Copyright maintained by Vanderbilt University Special Collections
"exhibits/Satellite-Divinity/Silberman, Eskind, Goodhart/Goodhart-Philonis_Ivdaei-Opera_Exegetica_In-1613-Title_Page.xml",Goodhart-Philonis_Ivdaei-Opera_Exegetica_In-1613-Title_Page.jpg,copyrighted,Copyright maintained by Vanderbilt University Special Collections
"exhibits/Satellite-Divinity/Silberman, Eskind, Goodhart/Judaica-B886F23-Bookplates-04.xml",Judaica-B886F23-Bookplates-04.jpg,copyrighted,Copyright maintained by Vanderbilt University Special Collections
"exhibits/Satellite-Divinity/Silberman, Eskind, Goodhart/Judaica-B886F23-Bookplates-10.xml",Judaica-B886F23-Bookplates-10.jpg,copyrighted,Copyright maintained by Vanderbilt University Special Collections
"exhibits/Satellite-Divinity/Silberman, Eskind, Goodhart/Judaica-B886F34-Kuhlman-Goodhart-July_5_1951.xml",Judaica-B886F34-Kuhlman-Goodhart-July_5_1951.jpg,copyrighted,Copyright maintained by Vanderbilt University Special Collections
"exhibits/Satellite-Divinity/Silberman, Eskind, Goodhart/Leah Belle Eskind.xml",Leah Belle Eskind.jpg,copyrighted,Copyright maintained by Vanderbilt University Special Collections
"exhibits/Satellite-Divinity/Silberman, Eskind, Goodhart/Lou_H_Silberman-pa.por.sill.001.xml",Lou_H_Silberman-pa.por.sill.001.jpg,copyrighted,Copyright maintained by Vanderbilt University Special Collections
"exhibits/Satellite-Divinity/Silberman, Eskind, Goodhart/Megillahholder.xml",Megillahholder.JPG,copyrighted,Copyright maintained by Vanderbilt University Special Collections
"exhibits/Satellite-Divinity/Teitlebaum, Loventhal/Henry and Sara Teitlebaum.xml",Henry and Sara Teitlebaum.jpg,copyrighted,Copyright maintained by Vanderbilt University Special Collections
"exhibits/Satellite-Divinity/Teitlebaum, Loventhal/Illuminations_from_Hebrew_Bibleo_of_Leningrad-1989.xml",Illuminations_from_Hebrew_Bibleo_of_Leningrad-1989.jpg,copyrighted,Copyright maintained by Vanderbilt University Special Collections
"exhibits/Satellite-Divinity/Teitlebaum, Loventhal/Judaica-B886F31-Carmichael-Teitlebaum-Dec_22_1944.xml",Judaica-B886F31-Carmichael-Teitlebaum-Dec_22_1944.jpg,copyrighted,Copyright maintained by Vanderbilt University Special Collections
"exhibits/Satellite-Divinity/Teitlebaum, Loventhal/PJ4563_K5-1545-Sefer_ha-shora-shim-01-02.xml",PJ4563_K5-1545-Sefer_ha-shora-shim-01.jpg,copyrighted,Copyright maintained by Vanderbilt University Special Collections
"exhibits/Satellite-Divinity/Teitlebaum, Loventhal/PJ4563_K5-1545-Sefer_ha-shora-shim-01-02.xml",PJ4563_K5-1545-Sefer_ha-shora-shim-02.jpg,copyrighted,Copyright maintained by Vanderbilt University Special Collections
"exhibits/Satellite-Divinity/Teitlebaum, Loventhal/RG935B2660F35-Lee_Loventhal_portrait.xml",RG935B2660F35-Lee_Loventhal_portrait.jpg,copyrighted,Copyright maintained by Vanderbilt University Special Collections
exhibits/Satellite-Divinity/Zimmerman/bookplate.xml,BOOKPLATE.jpg,copyrighted,Copyright maintained by Vanderbilt University Special Collections
exhibits/Satellite-Divinity/Zimmerman/Judaica-Commemoration-Zimmerman_Collection-Oct_16_1989.xml,Judaica-Commemoration-Zimmerman_Collection-Oct_16_1989.jpg,copyrighted,Copyright maintained by Vanderbilt University Special Collections
exhibits/Satellite-Divinity/Zimmerman/Judaica-Hough-Zimmerman-Nov_19_1993.xml,Judaica-Hough-Zimmerman-Nov_19_1993.jpg,copyrighted,Copyright maintained by Vanderbilt University Special Collections
exhibits/Satellite-Divinity/Zimmerman/Judaica-Service_Merchandise-Register-Dec_9_1988.xml,Judaica-Service_Merchandise-Register-Dec_9_1988.jpg,copyrighted,Copyright maintained by Vanderbilt University Special Collections
exhibits/Satellite-Divinity/Zimmerman/Judaica-Star_of_David_Exhibit-Fall_1993.xml,Judaica-Star_of_David_Exhibit-Fall_1993.jpg,copyrighted,Copyright maintained by Vanderbilt University Special Collections
exhibits/Satellite-Divinity/Zimmerman/Judaica-Zimmerman_portrait.xml,Judaica-Zimmerman_portrait.jpg,copyrighted,Copyright maintained by Vanderbilt University Special Collections
exhibits/Satellite-Divinity/Zimmerman/Peabody_Roundtable-1996-Joe_Imorde-Raymond_Zimmerman.xml,Peabody_Roundtable-1996-Joe_Imorde-Raymond_Zimmerman.jpg,copyrighted,Copyright maintained by Vanderbilt University Special Collections
exhibits/Satellite-Divinity/Zimmerman/Torah Breastplate.xml,Torah breastplate.JPG,copyrighted,Copyright maintained by Vanderbilt University Special Collections
exhibits/Satellite-Music/20150417SG041.xml,20150417SG041.jpg,copyrighted,Copyright maintained by Vanderbilt University Special Collections
exhibits/Satellite-Music/20150417SG042.xml,20150417SG042.jpg,copyrighted,Copyright maintained by Vanderbilt University Special Collections
exhibits/Satellite-Music/20150417SG044.xml,20150417SG044.jpg,copyrighted,Copyright maintained by Vanderbilt University Special Collections
exhibits/Satellite-Music/20150417SG045.xml,20150417SG045.jpg,copyrighted,Copyright maintained by Vanderbilt University Special Collections
exhibits/Satellite-Music/20150417SG046.xml,20150417SG046.jpg,copyrighted,Copyright maintained by Vanderbilt University Special Collections
exhibits/Satellite-Music/20150417SG047.xml,20150417SG047.jpg,copyrighted,Copyright maintained by Vanderbilt University Special Collections
exhibits/Satellite-Music/20150417SG048.xml,20150417SG048.jpg,copyrighted,Copyright maintained by Vanderbilt University Special Collections
exhibits/Satellite-Music/20150417SG049.xml,20150417SG049.jpg,copyrighted,Copyright maintained by Vanderbilt University Special Collections
exhibits/Satellite-Music/20150417SG051.xml,20150417SG051.jpg,copyrighted,Copyright maintained by Vanderbilt University Special Collections
exhibits/Satellite-Music/20150417SG052.xml,20150417SG052.jpg,copyrighted,Copyright maintained by Vanderbilt University Special Collections
exhibits/Satellite-Music/20150417SG053.xml,20150417SG053.jpg,copyrighted,Copyright maintained by Vanderbilt University Special Collections
exhibits/Satellite-Music/20150417SG055.xml,20150417SG055.jpg,copyrighted,Copyright maintained by Vanderbilt University Special Collections
exhibits/Satellite-Music/20150417SG058.xml,20150417SG058.jpg,copyrighted,Copyright maintained by Vanderbilt University Special Collections
exhibits/Satellite-Music/20150417SG060.xml,20150417SG060.jpg,copyrighted,Copyright maintained by Vanderbilt University Special Collections
exhibits/Satellite-Music/20150417SG062.xml,20150417SG062.jpg,copyrighted,Copyright maintained by Vanderbilt University Special Collections
exhibits/Satellite-Music/20150417SG063.xml,20150417SG063.jpg,copyrighted,Copyright maintained by Vanderbilt University Special Collections
exhibits/Satellite-Music/20150417SG065.xml,20150417SG065.jpg,copyrighted,Copyright maintained by Vanderbilt University Special Collections
exhibits/Satellite-Music/Edison-cylinder-1904.xml,,copyrighted,Copyright maintained by Vanderbilt University Special Collections
exhibits/Satellite-Music/Edison-cylinder-1910.xml,,copyrighted,Copyright maintained by Vanderbilt University Special Collections
exhibits/Satellite-Music/Edison-cylinder-1916.xml,,copyrighted,Copyright maintained by Vanderbilt University Special Collections
exhibits/Satellite-Music/EdisonRecords1903Ad.xml,EdisonRecords1903Ad.jpg,publicdomain,"This image is a derivative of another online surrogate found via Wikimedia Commons, where it lives in the public domain."
exhibits/Satellite-Music/levy-154a.038.xml,levy-154a.038.jpg,publicdomain,"This image is a derivative of another online surrogate found via Johns Hopkins University Sheridan Libraries, where it lives in the public domain."
exhibits/Satellite-Music/Nugget-45rpm-disc.xml,XXXXXXXXXXXXXXXX,copyrighted,Copyright maintained by Vanderbilt University Special Collections
exhibits/Satellite-Peabody/PC-Black_and_White-Arkin-1956-01-02-03-04.xml,PC-Black_and_White-Arkin-1956-01-A.jpg,copyrighted,Copyright maintained by Vanderbilt University Special Collections
exhibits/Satellite-Peabody/PC-Black_and_White-Arkin-1956-01-02-03-04.xml,PC-Black_and_White-Arkin-1956-01-B.jpg,copyrighted,Copyright maintained by Vanderbilt University Special Collections
exhibits/Satellite-Peabody/PC-Black_and_White-Arkin-1956-01-02-03-04.xml,PC-Black_and_White-Arkin-1956-02.jpg,copyrighted,Copyright maintained by Vanderbilt University Special Collections
exhibits/Satellite-Peabody/PC-Black_and_White-Arkin-1956-01-02-03-04.xml,PC-Black_and_White-Arkin-1956-03-A.jpg,copyrighted,Copyright maintained by Vanderbilt University Special Collections
exhibits/Satellite-Peabody/PC-Black_and_White-Arkin-1956-01-02-03-04.xml,PC-Black_and_White-Arkin-1956-03-B.jpg,copyrighted,Copyright maintained by Vanderbilt University Special Collections
exhibits/Satellite-Peabody/PC-Black_and_White-Arkin-1956-01-02-03-04.xml,PC-Black_and_White-Arkin-1956-04.jpg,copyrighted,Copyright maintained by Vanderbilt University Special Collections
exhibits/Satellite-Peabody/PC-Henry's_Freedom_Box-Levine_Nelson-2007.xml,PC-Henry's_Freedom_Box-Levine_Nelson-2007.jpg,copyrighted,Copyright maintained by Vanderbilt University Special Collections
exhibits/Satellite-Peabody/PC-Japanese_Tales_and_Legends-McAlpine-1959-01-02.xml,PC-Japanese_Tales_and_Legends-McAlpine-1959-01.jpg,copyrighted,Copyright maintained by Vanderbilt University Special Collections
exhibits/Satellite-Peabody/PC-Japanese_Tales_and_Legends-McAlpine-1959-01-02.xml,PC-Japanese_Tales_and_Legends-McAlpine-1959-02.jpg,copyrighted,Copyright maintained by Vanderbilt University Special Collections
exhibits/Satellite-Peabody/PC-Marisol_McDonald_Doesn't_Match-Brown-2011.xml,PC-Marisol_McDonald_Doesn't_Match-Brown-2011.jpg,copyrighted,Copyright maintained by Vanderbilt University Special Collections
exhibits/Satellite-Peabody/PC-Mei_Li-Handforth-1938-01-02.xml,PC-Mei_Li-Handforth-1938-01.jpg,copyrighted,Copyright maintained by Vanderbilt University Special Collections
exhibits/Satellite-Peabody/PC-Mei_Li-Handforth-1938-01-02.xml,PC-Mei_Li-Handforth-1938-02.jpg,copyrighted,Copyright maintained by Vanderbilt University Special Collections
exhibits/Satellite-Peabody/PC-Muhammad-Demi-2003-A-B.xml,PC-Muhammad-Demi-2003-A.jpg,copyrighted,Copyright maintained by Vanderbilt University Special Collections
exhibits/Satellite-Peabody/PC-Muhammad-Demi-2003-A-B.xml,PC-Muhammad-Demi-2003-B.jpg,copyrighted,Copyright maintained by Vanderbilt University Special Collections
exhibits/Satellite-Peabody/PC-Our_Rice_Village_in_Cambodia-Tooze-1963.xml,PC-Our_Rice_Village_in_Cambodia-Tooze-1963.jpg,copyrighted,Copyright maintained by Vanderbilt University Special Collections
exhibits/Satellite-Peabody/PC-Pedro_El_Angel_de_la_Calle_Olvera-1961.xml,PC-Pedro_El_Angel_de_la_Calle_Olvera-1961.jpg,copyrighted,Copyright maintained by Vanderbilt University Special Collections
exhibits/Satellite-Peabody/PC-The_Adventures_of_Huckleberry_Finn-1933-01-02-03-04.xml,PC-The_Adventures_of_Huckleberry_Finn-1933-01.jpg,copyrighted,Copyright maintained by Vanderbilt University Special Collections
exhibits/Satellite-Peabody/PC-The_Adventures_of_Huckleberry_Finn-1933-01-02-03-04.xml,PC-The_Adventures_of_Huckleberry_Finn-1933-02.jpg,copyrighted,Copyright maintained by Vanderbilt University Special Collections
exhibits/Satellite-Peabody/PC-The_Adventures_of_Huckleberry_Finn-1933-01-02-03-04.xml,PC-The_Adventures_of_Huckleberry_Finn-1933-03.jpg,copyrighted,Copyright maintained by Vanderbilt University Special Collections
exhibits/Satellite-Peabody/PC-The_Adventures_of_Huckleberry_Finn-1933-01-02-03-04.xml,PC-The_Adventures_of_Huckleberry_Finn-1933-04.jpg,copyrighted,Copyright maintained by Vanderbilt University Special Collections
exhibits/Satellite-Peabody/PC-The_Olde_Irishe_Rimes_of_Brian_O'Linn-01-02.xml,PC-The_Olde_Irishe_Rimes_of_Brian_O'Linn-01.jpg,copyrighted,Copyright maintained by Vanderbilt University Special Collections
exhibits/Satellite-Peabody/PC-The_Olde_Irishe_Rimes_of_Brian_O'Linn-01-02.xml,PC-The_Olde_Irishe_Rimes_of_Brian_O'Linn-02.jpg,copyrighted,Copyright maintained by Vanderbilt University Special Collections
exhibits/Satellite-Peabody/PC-The_Tar_Baby-Harris-1904-01-02.xml,PC-The_Tar_Baby-Harris-1904-01.jpg,copyrighted,Copyright maintained by Vanderbilt University Special Collections
exhibits/Satellite-Peabody/PC-The_Tar_Baby-Harris-1904-01-02.xml,PC-The_Tar_Baby-Harris-1904-02.jpg,copyrighted,Copyright maintained by Vanderbilt University Special Collections
exhibits/Satellite-Peabody/PC-Three_Golden_Oranges-Boggs_Davis-1964.xml,PC-Three_Golden_Oranges-Boggs_Davis-1964.jpg,copyrighted,Copyright maintained by Vanderbilt University Special Collections
exhibits/Templates/template.xml,,copyrighted,Copyright maintained by Vanderbilt University Special Collections
exhibits/Treasure-Room/Artist books/20150417SG022-023-024.xml,20150417SG022.jpg,copyrighted,Copyright maintained by Vanderbilt University Special Collections
exhibits/Treasure-Room/Artist books/20150417SG022-023-024.xml,20150417SG023.jpg,copyrighted,Copyright maintained by Vanderbilt University Special Collections
exhibits/Treasure-Room/Artist books/20150417SG022-023-024.xml,20150417SG024.jpg,copyrighted,Copyright maintained by Vanderbilt University Special Collections
exhibits/Treasure-Room/Artist books/20150417SG025-026-027.xml,20150417SG025.jpg,copyrighted,Copyright maintained by Vanderbilt University Special Collections
exhibits/Treasure-Room/Artist books/20150417SG025-026-027.xml,20150417SG026.jpg,copyrighted,Copyright maintained by Vanderbilt University Special Collections
exhibits/Treasure-Room/Artist books/20150417SG025-026-027.xml,20150417SG027.jpg,copyrighted,Copyright maintained by Vanderbilt University Special Collections
exhibits/Treasure-Room/Artist books/Daily_Bread-Amy_Pirkle-2006.xml,Daily_Bread-Amy_Pirkle-2006.jpg,copyrighted,Copyright maintained by Vanderbilt University Special Collections
exhibits/Treasure-Room/Artist books/Sky_and_Earth-Claire_Van_Vliet-1973.xml,Sky_and_Earth-Claire_Van_Vliet-1973.jpg,copyrighted,Copyright maintained by Vanderbilt University Special Collections
exhibits/Treasure-Room/Commemorative volumes/1 Millionth vol-300ppi.xml,1 Millionth vol-300ppi.jpg,copyrighted,Copyright maintained by Vanderbilt University Special Collections
exhibits/Treasure-Room/Commemorative volumes/3 Millionth vol-300ppi.xml,3 Millionth vol-300ppi.jpg,copyrighted,Copyright maintained by Vanderbilt University Special Collections
exhibits/Treasure-Room/Commemorative volumes/CRW_2258.xml,CRW_2258.jpg,copyrighted,Copyright maintained by Vanderbilt University Special Collections
exhibits/Treasure-Room/contini/MS0088-Christies_Catalog-BOX-321.xml,MS0088-Christies_Catalog-BOX-321.jpg,copyrighted,Copyright maintained by Vanderbilt University Special Collections
exhibits/Treasure-Room/contini/MS0088-Contini-exhibit-001.xml,MS0088-Contini-exhibit-001.jpg,copyrighted,Copyright maintained by Vanderbilt University Special Collections
exhibits/Treasure-Room/contini/MS0088-Contini-letter-1969-001.xml,MS0088-Contini-letter-1969-001.jpg,copyrighted,Copyright maintained by Vanderbilt University Special Collections
exhibits/Treasure-Room/contini/MS0088-Contini_Notebook-BOX-321.xml,MS0088-Contini_Notebook-BOX-321.jpg,copyrighted,Copyright maintained by Vanderbilt University Special Collections
exhibits/Treasure-Room/contini/MS0088-Ilustration_list-BOX-321.xml,MS0088-Ilustration_list-BOX-321.jpg,copyrighted,Copyright maintained by Vanderbilt University Special Collections
exhibits/Treasure-Room/contini/MS0088-Sotheby-Rubens-BOX-321.xml,MS0088-Sotheby-Rubens-BOX-321.jpg,copyrighted,Copyright maintained by Vanderbilt University Special Collections
exhibits/Treasure-Room/contini/MS0088-Valentiner-letter-BOX-321.xml,MS0088-Valentiner-letter-BOX-321.jpg,copyrighted,Copyright maintained by Vanderbilt University Special Collections
exhibits/Treasure-Room/contini/sc.mss.088.eita.1812.xml,sc.mss.088.eita.1812.jpg,copyrighted,Copyright maintained by Vanderbilt University Special Collections
exhibits/Treasure-Room/contini/SC.MSS.088.TITI.0400.xml,sc.mss.088.titi.0400.jpg,copyrighted,Copyright maintained by Vanderbilt University Special Collections
exhibits/Treasure-Room/contini/SC.MSS.088.TITI.0401.xml,sc.mss.088.titi.0401.jpg,copyrighted,Copyright maintained by Vanderbilt University Special Collections
exhibits/Treasure-Room/contini/SC.MSS.088.VENI.0800.xml,SC.MSS.088.VENI.0800.jpg,copyrighted,Copyright maintained by Vanderbilt University Special Collections
exhibits/Treasure-Room/contini/SC.MSS.088.VENI.1602.xml,SC.MSS.088.VENI.1602.jpg,copyrighted,Copyright maintained by Vanderbilt University Special Collections
exhibits/Treasure-Room/contini/SC.MSS.088.VENI.1602.xml,sc.mss.088.veni.1602-Back_text.jpg,copyrighted,Copyright maintained by Vanderbilt University Special Collections
exhibits/Treasure-Room/Curiosities/20150417SG012.xml,20150417SG012.jpg,copyrighted,Copyright maintained by Vanderbilt University Special Collections
exhibits/Treasure-Room/Curiosities/20150417SG017.xml,20150417SG017.jpg,copyrighted,Copyright maintained by Vanderbilt University Special Collections
exhibits/Treasure-Room/Curiosities/20150417SG018-019.xml,20150417SG018.jpg,copyrighted,Copyright maintained by Vanderbilt University Special Collections
exhibits/Treasure-Room/Curiosities/20150417SG018-019.xml,20150417SG019.jpg,copyrighted,Copyright maintained by Vanderbilt University Special Collections
exhibits/Treasure-Room/Curiosities/20150417SG020-021.xml,20150417SG020.jpg,copyrighted,Copyright maintained by Vanderbilt University Special Collections
exhibits/Treasure-Room/Curiosities/20150417SG020-021.xml,20150417SG021.jpg,copyrighted,Copyright maintained by Vanderbilt University Special Collections
exhibits/Treasure-Room/Curiosities/MS0277-Wesley_Relics-B02-1a-1b.xml,MS0277-Wesley_Relics-B02-1a.jpg,copyrighted,Copyright maintained by Vanderbilt University Special Collections
exhibits/Treasure-Room/Curiosities/MS0277-Wesley_Relics-B02-1a-1b.xml,MS0277-Wesley_Relics-B02-1b.jpg,copyrighted,Copyright maintained by Vanderbilt University Special Collections
exhibits/Treasure-Room/Curiosities/MS0827-SC-Restos_del_USS_Maine-Habana-1900.xml,MS0827-SC-Restos_del_USS_Maine-Habana-1900.jpg,copyrighted,Copyright maintained by Vanderbilt University Special Collections
exhibits/Treasure-Room/Firsteditions/Member_of_the_Wedding-C_McCullers-1946.xml,Member_of_the_Wedding-C_McCullers-1946.jpg,copyrighted,Copyright maintained by Vanderbilt University Special Collections
exhibits/Treasure-Room/Firsteditions/SC-Poems_by_JD-Donne-1633.xml,SC-Poems_by_JD-Donne-1633.jpg,copyrighted,Copyright maintained by Vanderbilt University Special Collections
exhibits/Treasure-Room/Firsteditions/SC-Poems_Chiefly_in_the_Scottish_Dialect-Burns-1787-01-front_cover-AB.xml,SC-Poems_Chiefly_in_the_Scottish_Dialect-Burns-1787-01-front_cover-AB.jpg,copyrighted,Copyright maintained by Vanderbilt University Special Collections
exhibits/Treasure-Room/Firsteditions/SC-Poems_Chiefly_in_the_Scottish_Dialect-Burns-1787.xml,SC-Poems_Chiefly_in_the_Scottish_Dialect-Burns-1787.jpg,copyrighted,Copyright maintained by Vanderbilt University Special Collections
exhibits/Treasure-Room/Firsteditions/Their_Eyes-Zora_Hurston-1937.xml,Their_Eyes-Zora_Hurston-1937.jpg,copyrighted,Copyright maintained by Vanderbilt University Special Collections
exhibits/Treasure-Room/Incunabula/03-Book_of_Hours-1480-Rand.xml,03-Book_of_Hours-1480-Rand.jpg,copyrighted,Copyright maintained by Vanderbilt University Special Collections
exhibits/Treasure-Room/Incunabula/Leaf-M-08-AB.xml,Leaf-M-08-AB.jpg,copyrighted,Copyright maintained by Vanderbilt University Special Collections
exhibits/Treasure-Room/Incunabula/Leaf-M-13-AB.xml,Leaf-M-13-AB.jpg,copyrighted,Copyright maintained by Vanderbilt University Special Collections
exhibits/Treasure-Room/Incunabula/RFB-Friar_Jerome-1917-018-AB.xml,RFB-Friar_Jerome-1917-001.jpg,copyrighted,Copyright maintained by Vanderbilt University Special Collections
exhibits/Treasure-Room/Incunabula/RFB-Friar_Jerome-1917-018-AB.xml,RFB-Friar_Jerome-1917-018-AB.jpg,copyrighted,Copyright maintained by Vanderbilt University Special Collections
exhibits/Treasure-Room/Incunabula/RFB-Friendship-1901z-000.xml,RFB-Friendship-1901z-000.jpg,copyrighted,Copyright maintained by Vanderbilt University Special Collections
exhibits/Treasure-Room/Manuscripts/Chills_and_Fever-John_C_Ransom-1924.xml,Chills_and_Fever-John_C_Ransom-1924.jpg,copyrighted,Copyright maintained by Vanderbilt University Special Collections
exhibits/Treasure-Room/Manuscripts/MS0008-SC-Recetario_de_los_Indios-AB.xml,MS0008-SC-Recetario_de_los_Indios-AB.jpg,copyrighted,Copyright maintained by Vanderbilt University Special Collections
exhibits/Treasure-Room/Manuscripts/MS0813-SC-James_Lawson-letter-July 16_1951-00.xml,MS0813-SC-James_Lawson-letter-July 16_1951-00.jpg,copyrighted,Copyright maintained by Vanderbilt University Special Collections
exhibits/Treasure-Room/Manuscripts/MS0838-SC-Mosquera-July_14_1865.xml,MS0838-SC-Mosquera-July_14_1865.jpg,copyrighted,Copyright maintained by Vanderbilt University Special Collections
exhibits/Treasure-Room/Manuscripts/MS0838-SC-Mosquera-Oct_7_1863-00.xml,MS0838-SC-Mosquera-Oct_7_1863-00.jpg,copyrighted,Copyright maintained by Vanderbilt University Special Collections
exhibits/Treasure-Room/politicsjournalism/Cassette-Eddie_Arnold-CRW-3072.xml,Cassette-Eddie_Arnold-CRW-3072.jpg,copyrighted,Copyright maintained by Vanderbilt University Special Collections
exhibits/Treasure-Room/politicsjournalism/Cassette-Eddie_Arnold-CRW-3075.xml,Cassette-Eddie_Arnold-CRW-3075.jpg,copyrighted,Copyright maintained by Vanderbilt University Special Collections
exhibits/Treasure-Room/politicsjournalism/Cassette-Eddie_Arnold-CRW-3076.xml,Cassette-Eddie_Arnold-CRW-3076.jpg,copyrighted,Copyright maintained by Vanderbilt University Special Collections
exhibits/Treasure-Room/politicsjournalism/Generations-John_Egerton-1983.xml,Generations-John_Egerton-1983.jpg,copyrighted,Copyright maintained by Vanderbilt University Special Collections
exhibits/Treasure-Room/politicsjournalism/LA-Early_Swearing_In-BW001.xml,LA-Early_Swearing_In-BW001.jpg,copyrighted,Copyright maintained by Vanderbilt University Special Collections
exhibits/Treasure-Room/politicsjournalism/MS0412-SC-Kennedy_Relics-1954-1967.xml,MS0412-SC-Kennedy_Relics-1954-1967.jpg,copyrighted,Copyright maintained by Vanderbilt University Special Collections
exhibits/Treasure-Room/politicsjournalism/MS0734-Alexander-button-Mile.xml,MS0734_Alexander-button-Mile.jpg,copyrighted,Copyright maintained by Vanderbilt University Special Collections
exhibits/Treasure-Room/politicsjournalism/MS0734-Alexander-sticker-band.xml,MS0734-Alexander-sticker-band.jpg,copyrighted,Copyright maintained by Vanderbilt University Special Collections
exhibits/Treasure-Room/politicsjournalism/MS0810-Sasser-bumpersticker.xml,MS0810-Sasser-bumpersticker.jpg,copyrighted,Copyright maintained by Vanderbilt University Special Collections
exhibits/Treasure-Room/politicsjournalism/MS0810-Sasser_Political_Cartoon-1980.xml,MS0810-Sasser_Political_Cartoon-1980.jpg,copyrighted,Copyright maintained by Vanderbilt University Special Collections
exhibits/Treasure-Room/politicsjournalism/MS0829-SC-John_Siegnthaler-Memo-01.xml,MS0829-SC-John_Siegnthaler-Memo-01.jpg,copyrighted,Copyright maintained by Vanderbilt University Special Collections
exhibits/Treasure-Room/politicsjournalism/Seigenthaler-G9481.xml,Seigenthaler-G9481.jpg,copyrighted,Copyright maintained by Vanderbilt University Special Collections
exhibits/Treasure-Room/politicsjournalism/Southern_Politics-VO_Key949.xml,Southern_Politics-VO_Key949.jpg,copyrighted,Copyright maintained by Vanderbilt University Special Collections
exhibits/Visualizing-Data/Astronomy/20150417SG001-002.xml,20150417SG001.jpg,copyrighted,Copyright maintained by Vanderbilt University Special Collections
exhibits/Visualizing-Data/Astronomy/20150417SG001-002.xml,20150417SG002.jpg,copyrighted,Copyright maintained by Vanderbilt University Special Collections
exhibits/Visualizing-Data/Astronomy/20150417SG003-004.xml,20150417SG003.jpg,copyrighted,Copyright maintained by Vanderbilt University Special Collections
exhibits/Visualizing-Data/Astronomy/20150417SG003-004.xml,20150417SG004.jpg,copyrighted,Copyright maintained by Vanderbilt University Special Collections
exhibits/Visualizing-Data/Astronomy/20150417SG005-006.xml,20150417SG005.jpg,copyrighted,Copyright maintained by Vanderbilt University
exhibits/Visualizing-Data/Astronomy/20150417SG005-006.xml,20150417SG006.jpg,copyrighted,Copyright maintained by Vanderbilt University
exhibits/Visualizing-Data/Astronomy/20150417SG007-008.xml,20150417SG007.jpg,copyrighted,Copyright maintained by Vanderbilt University Special Collections
exhibits/Visualizing-Data/Astronomy/20150417SG007-008.xml,20150417SG008.jpg,copyrighted,Copyright maintained by Vanderbilt University Special Collections
exhibits/Visualizing-Data/Astronomy/20150417SG009.xml,20150417SG009.jpg,copyrighted,Copyright maintained by Vanderbilt University Special Collections
exhibits/Visualizing-Data/Astronomy/20150417SG066.xml,20150417SG066.jpg,copyrighted,Copyright maintained by Vanderbilt University Special Collections
exhibits/Visualizing-Data/Astronomy/Dissertation_Harvest_Moon-J_Ferguson-1747.xml,Dissertation_Harvest_Moon-J_Ferguson-1747-p49.jpg,copyrighted,Copyright maintained by Vanderbilt University Special Collections
exhibits/Visualizing-Data/Astronomy/Dissertation_Harvest_Moon-J_Ferguson-1747.xml,Dissertation_Harvest_Moon-J_Ferguson-1747-p19.jpg,copyrighted,Copyright maintained by Vanderbilt University Special Collections
exhibits/Visualizing-Data/Astronomy/Dissertation_Harvest_Moon-J_Ferguson-1747.xml,Dissertation_Harvest_Moon-J_Ferguson-1747-p65.jpg,copyrighted,Copyright maintained by Vanderbilt University Special Collections
exhibits/Visualizing-Data/Astronomy/DV-Astonomical_Knowledge_of_the_Mayas-Bowditch-1910.xml,DV-Astonomical_Knowledge_of_the_Mayas-Bowditch-1910.jpg,copyrighted,Copyright maintained by Vanderbilt University Special Collections
exhibits/Visualizing-Data/Astronomy/DV-De_Nova_Stella_Anni-Brahe-1572.xml,DV-De_Nova_Stella_Anni-Brahe-1572-01.jpg,copyrighted,Copyright maintained by Vanderbilt University Special Collections
exhibits/Visualizing-Data/Astronomy/DV-De_Nova_Stella_Anni-Brahe-1572.xml,DV-De_Nova_Stella_Anni-Brahe-1572-02.jpg,copyrighted,Copyright maintained by Vanderbilt University Special Collections
exhibits/Visualizing-Data/Astronomy/DV-De_Nova_Stella_Anni-Brahe-1572.xml,DV-De_Nova_Stella_Anni-Brahe-1572-03a.jpg,copyrighted,Copyright maintained by Vanderbilt University Special Collections
exhibits/Visualizing-Data/Astronomy/DV-De_Nova_Stella_Anni-Brahe-1572.xml,DV-De_Nova_Stella_Anni-Brahe-1572-03b.jpg,copyrighted,Copyright maintained by Vanderbilt University Special Collections
exhibits/Visualizing-Data/Astronomy/DV-De_Nova_Stella_Anni-Brahe-1572.xml,DV-De_Nova_Stella_Anni-Brahe-1572-04.jpg,copyrighted,Copyright maintained by Vanderbilt University Special Collections
exhibits/Visualizing-Data/Astronomy/DV-De_Nova_Stella_Anni-Brahe-1572.xml,DV-De_Nova_Stella_Anni-Brahe-1572-05.jpg,copyrighted,Copyright maintained by Vanderbilt University Special Collections
exhibits/Visualizing-Data/Astronomy/DV-De_Nova_Stella_Anni-Brahe-1572.xml,DV-De_Nova_Stella_Anni-Brahe-1572-06.jpg,copyrighted,Copyright maintained by Vanderbilt University Special Collections
exhibits/Visualizing-Data/Astronomy/DV-De_Nova_Stella_Anni-Brahe-1572.xml,DV-De_Nova_Stella_Anni-Brahe-1572-07.jpg,copyrighted,Copyright maintained by Vanderbilt University Special Collections
exhibits/Visualizing-Data/Astronomy/DV-Sidereus_Nuncius-Galileo-1610(1987).xml,DV-Sidereus_Nuncius-Galileo-1610(1987).jpg,copyrighted,Copyright maintained by Vanderbilt University Special Collections
exhibits/Visualizing-Data/Astronomy/DV-Tychonis_Brahe_Dani-De_Nova_Stella-1901.xml,DV-Tychonis_Brahe_Dani-De_Nova_Stella-1901-01.jpg,copyrighted,Copyright maintained by Vanderbilt University Special Collections
exhibits/Visualizing-Data/Astronomy/DV-Tychonis_Brahe_Dani-De_Nova_Stella-1901.xml,DV-Tychonis_Brahe_Dani-De_Nova_Stella-1901-02.jpg,copyrighted,Copyright maintained by Vanderbilt University Special Collections
exhibits/Visualizing-Data/Astronomy/DV-Tychonis_Brahe_Dani-De_Nova_Stella-1901.xml,DV-Tychonis_Brahe_Dani-De_Nova_Stella-1901-03b.jpg,copyrighted,Copyright maintained by Vanderbilt University Special Collections
exhibits/Visualizing-Data/Astronomy/DV-Tychonis_Brahe_Dani-De_Nova_Stella-1901.xml,DV-Tychonis_Brahe_Dani-De_Nova_Stella-1901-04.jpg,copyrighted,Copyright maintained by Vanderbilt University Special Collections
exhibits/Visualizing-Data/Astronomy/Hipparcos_Data_Set.xml,Hipparcos Data Set.png,copyrighted,Information visualization displayed here copyrighted by Nathan De Lee. Raw data is in the public domain.
exhibits/Visualizing-Data/Astronomy/Modern_Astronomy-p61-HH_Turner-1901.xml,Modern_Astronomy-p61-HH_Turner-1901.jpg,copyrighted,Copyright maintained by Vanderbilt University Special Collections
exhibits/Visualizing-Data/Astronomy/MS0031-Astronomical_Papers_1889-1917-p54-B40.xml,MS0031-Astronomical_Papers_1889-1917-p54-B40.jpg,copyrighted,Copyright maintained by Vanderbilt University Special Collections
exhibits/Visualizing-Data/Astronomy/MS0031-Barnard-glassplate-pleiades.xml,MS0031-Barnard-glassplate-pleiades.jpg,copyrighted,Copyright maintained by Vanderbilt University Special Collections
exhibits/Visualizing-Data/Astronomy/MS0031-Barnard-letter-B36-F1892.xml,MS0031-McConnell-letter-B22-Nov-23-1893.jpg,copyrighted,Copyright maintained by Vanderbilt University Special Collections
exhibits/Visualizing-Data/Astronomy/MS0031-Barnard_Einstein-B43-F09-AB.xml,MS0031-Barnard_Einstein-B43-F09-AB.jpg,copyrighted,Copyright maintained by Vanderbilt University Special Collections
exhibits/Visualizing-Data/Astronomy/MS0031-Comet-photo-1908-B43-F02-AB.xml,MS0031-Comet-photo-1908-B43-F02-AB.jpg,copyrighted,Copyright maintained by Vanderbilt University Special Collections
exhibits/Visualizing-Data/Astronomy/MS0031-McConnell-letter-B22-Nov-23-1892.xml,MS0031-McConnell-letter-B22-Nov-23-1892.jpg,copyrighted,Copyright maintained by Vanderbilt University Special Collections
exhibits/Visualizing-Data/Astronomy/MS0031-McConnell-letter-B22-Sept-13-1892.xml,MS0031-McConnell-letter-B22-Sept-13-1892.jpg,copyrighted,Copyright maintained by Vanderbilt University Special Collections
exhibits/Visualizing-Data/Astronomy/MS0031-PhotoNGC3596-B18-F-Hubble1920.xml,MS0031-PhotoNGC3596-B18-F-Hubble1920.jpg,copyrighted,Copyright maintained by Vanderbilt University Special Collections
exhibits/Visualizing-Data/Astronomy/MS0031-Telescope-B43-Barnard.xml,MS0031-Telescope-B43-Barnard.jpg,copyrighted,Copyright maintained by Vanderbilt University Special Collections
exhibits/Visualizing-Data/Astronomy/MS0031-To_Barnard-B18-F-Hubble1920.xml,MS0031-To_Barnard-B18-F-Hubble1920.jpg,copyrighted,Copyright maintained by Vanderbilt University Special Collections
exhibits/Visualizing-Data/Astronomy/MS0031-To_Barnard-B20-F-Kirkwood-Dec1892.xml,MS0031-To_Barnard-B20-F-Kirkwood-Dec1892.jpg,copyrighted,Copyright maintained by Vanderbilt University Special Collections
exhibits/Visualizing-Data/Astronomy/MS0701-DV-MSFC_Space_Science_Heritage.xml,MS0701-DV-MSFC_Space_Science_Heritage.jpg,copyrighted,Copyright maintained by Vanderbilt University Special Collections
exhibits/Visualizing-Data/Astronomy/MS0701-DV-Skylab_3-Wang.xml,MS0701-DV-Skylab_3-Wang.jpg,copyrighted,Copyright maintained by Vanderbilt University Special Collections
exhibits/Visualizing-Data/Astronomy/MS0732-Hubble-Data_Flow-B02-F11-p20.xml,MS0732-Hubble-Data_Flow-B02-F11-p20.jpg,copyrighted,Copyright maintained by Vanderbilt University Special Collections
exhibits/Visualizing-Data/Astronomy/MS0732-Hubble-resolution-B02-F11-p05.xml,MS0732-Hubble-resolution-B02-F11-p05.jpg,copyrighted,Copyright maintained by Vanderbilt University Special Collections
exhibits/Visualizing-Data/Astronomy/MS0732-Segmented_Active_Mirror.xml,MS0732-Segmented_Active_Mirror.jpg,copyrighted,Copyright maintained by Vanderbilt University Special Collections
exhibits/Visualizing-Data/Astronomy/Opera_Omnia-vol-1-Kepleri-1858.xml,Opera_Omnia-vol-1-Kepleri-1858.jpg,copyrighted,Copyright maintained by Vanderbilt University Special Collections
exhibits/Visualizing-Data/Astronomy/Opere_di_Giordano_Bruno_Nolano-1548-1600.xml,Opere_di_Giordano_Bruno_Nolano-1548-1600-p182.jpg,copyrighted,Copyright maintained by Vanderbilt University Special Collections
exhibits/Visualizing-Data/Astronomy/opo0613c.xml,opo0613c.jpg,publicDomain,"Original image lives in public domain, taken by Akira Fujii on behalf of the Hubble Space Telescope and European Space Agency. Vanderbilt University Special Collection's copy may be used with permission. Please contact the library for more information."
exhibits/Visualizing-Data/Astronomy/Q9_16ptRMS_vs_Range_vs_Teff_fin.xml,Q9_16ptRMS_vs_Range_vs_Teff_fin.jpg,copyrighted,"Copyright maintained by the authors, including Dr. Fabienne Anne Bastien and Dr. Keivan G. Stassun, as published by Nature.com. Permission granted to use as a part of the Vanderbilt University Library exhibition in 2015."
exhibits/Visualizing-Data/Enrico Caruso/OPERA-Caruso-FR-B199-003.xml,OPERA-Caruso-FR-B199-003.jpg,copyrighted,Copyright maintained by Vanderbilt University Special Collections
exhibits/Visualizing-Data/Enrico Caruso/OPERA-Caruso-framed_print-FR-MISC.xml,OPERA-Caruso-framed_print-FR-MISC.jpg,copyrighted,Copyright maintained by Vanderbilt University Special Collections
exhibits/Visualizing-Data/Enrico Caruso/OPERA-Caruso_Hampton-FR-B200.xml,OPERA-Caruso_Hampton-FR-B200.jpg,copyrighted,Copyright maintained by Vanderbilt University Special Collections
exhibits/Visualizing-Data/Enrico Caruso/OPERA-Caruso_Victor_booklet-FR-TAN-001.xml,OPERA-Caruso_Victor_booklet-FR-TAN-001.jpg,copyrighted,Copyright maintained by Vanderbilt University Special Collections
exhibits/Visualizing-Data/Enrico Caruso/sc.mss.0647.p0033a-vis.xml,sc.mss.0647.p0033a-vis.jpg,copyrighted,Copyright maintained by Vanderbilt University Special Collections
exhibits/Visualizing-Data/Enrico Caruso/sc.mss.0647.p0042a-vis.xml,sc.mss.0647.p0042a-vis.jpg,copyrighted,Copyright maintained by Vanderbilt University Special Collections
exhibits/Visualizing-Data/Enrico Caruso/sc.mss.0647.p0068a-vis.xml,sc.mss.0647.p0068a-vis.jpg,copyrighted,Copyright maintained by Vanderbilt University Special Collections
exhibits/Visualizing-Data/Enrico Caruso/sc.mss.0647.p0145a-vis.xml,sc.mss.0647.p0145a-vis.jpg,copyrighted,Copyright maintained by Vanderbilt University Special Collections
exhibits/Visualizing-Data/Enrico Caruso/sc.mss.0647.p0156a-vis.xml,sc.mss.0647.p0156a-vis.jpg,copyrighted,Copyright maintained by Vanderbilt University Special Collections
exhibits/Visualizing-Data/Enrico Caruso/sc.mss.0647.p0214-A-vis.xml,sc.mss.0647.p0214-A-vis.jpg,copyrighted,Copyright maintained by Vanderbilt University Special Collections
exhibits/Visualizing-Data/Enrico Caruso/sc.mss.0647.p0238-A-vis.xml,sc.mss.0647.p0238-A-vis.jpg,copyrighted,Copyright maintained by Vanderbilt University Special Collections
exhibits/Visualizing-Data/Enrico Caruso/sc.mss.0647.p0379-A-vis.xml,sc.mss.0647.p0379-A-vis.jpg,copyrighted,Copyright maintained by Vanderbilt University Special Collections
exhibits/Visualizing-Data/Enrico Caruso/sc.mss.0647.p0387-A-vis.xml,sc.mss.0647.p0387-A-vis.jpg,copyrighted,Copyright maintained by Vanderbilt University Special Collections
exhibits/Visualizing-Data/Enrico Caruso/sc.mss.0647.p0396-A-vis.xml,sc.mss.0647.p0396-A-vis.jpg,copyrighted,Copyright maintained by Vanderbilt University Special Collections
exhibits/Visualizing-Data/Enrico Caruso/sc.mss.0647.p0503-A-vis.xml,sc.mss.0647.p0503-A-vis.jpg,copyrighted,Copyright maintained by Vanderbilt University Special Collections
exhibits/Visualizing-Data/Flannery-O-Connor/20150417SG010.xml,20150417SG010.JPG,copyrighted,Copyright maintained by Vanderbilt University Special Collections
exhibits/Visualizing-Data/Flannery-O-Connor/2015417SG013.xml,2015417SG013.JPG,copyrighted,Copyright maintained by Vanderbilt University Special Collections
exhibits/Visualizing-Data/Flannery-O-Connor/Correspondence_of_Flannery-CR_Stephens-1986.xml,Correspondence_of_Flannery-CR_Stephens-1986.jpg,copyrighted,Copyright maintained by Vanderbilt University Special Collections
exhibits/Visualizing-Data/Flannery-O-Connor/FC-gist.jpg.xml,FC-gist.jpg,copyrighted,Copyright maintained by Vanderbilt University Special Collections
exhibits/Visualizing-Data/Flannery-O-Connor/MS0004-Cheney_letter-B03-F18.xml,MS0004-OConnor_letter-B03-F18.jpg,copyrighted,Copyright maintained by Vanderbilt University Special Collections
exhibits/Visualizing-Data/Flannery-O-Connor/MS0004-King_of_the_Birds.xml,MS0004-King_of_the_Birds01-B52-F09.jpg,copyrighted,Copyright maintained by Vanderbilt University Special Collections
exhibits/Visualizing-Data/Flannery-O-Connor/MS0004-King_of_the_Birds.xml,MS0004-King_of_the_Birds02-B52-F09.jpg,copyrighted,Copyright maintained by Vanderbilt University Special Collections
exhibits/Visualizing-Data/Flannery-O-Connor/MS0004-King_of_the_Birds.xml,MS0004-King_of_the_Birds03-B52-F09.jpg,copyrighted,Copyright maintained by Vanderbilt University Special Collections
exhibits/Visualizing-Data/Flannery-O-Connor/MS0004-King_of_the_Birds.xml,MS0004-King_of_the_Birds04-B52-F09.jpg,copyrighted,Copyright maintained by Vanderbilt University Special Collections
exhibits/Visualizing-Data/Flannery-O-Connor/MS0004-King_of_the_Birds.xml,MS0004-King_of_the_Birds05-B52-F09.jpg,copyrighted,Copyright maintained by Vanderbilt University Special Collections
exhibits/Visualizing-Data/Flannery-O-Connor/MS0004-King_of_the_Birds.xml,MS0004-King_of_the_Birds06-B52-F09.jpg,copyrighted,Copyright maintained by Vanderbilt University Special Collections
exhibits/Visualizing-Data/Flannery-O-Connor/MS0004-King_of_the_Birds.xml,MS0004-King_of_the_Birds07-B52-F09.jpg,copyrighted,Copyright maintained by Vanderbilt University Special Collections
exhibits/Visualizing-Data/Flannery-O-Connor/MS0004-King_of_the_Birds.xml,MS0004-King_of_the_Birds08-B52-F09.jpg,copyrighted,Copyright maintained by Vanderbilt University Special Collections
exhibits/Visualizing-Data/Flannery-O-Connor/MS0004-King_of_the_Birds.xml,MS0004-King_of_the_Birds09-B52-F09.jpg,copyrighted,Copyright maintained by Vanderbilt University Special Collections
exhibits/Visualizing-Data/Flannery-O-Connor/MS0004-King_of_the_Birds.xml,MS0004-King_of_the_Birds10-B52-F09.jpg,copyrighted,Copyright maintained by Vanderbilt University Special Collections
exhibits/Visualizing-Data/Flannery-O-Connor/MS0004-King_of_the_Birds.xml,MS0004-King_of_the_Birds11-B52-F09.jpg,copyrighted,Copyright maintained by Vanderbilt University Special Collections
exhibits/Visualizing-Data/Flannery-O-Connor/MS0004-King_of_the_Birds.xml,MS0004-King_of_the_Birds12-B52-F09.jpg,copyrighted,Copyright maintained by Vanderbilt University Special Collections
exhibits/Visualizing-Data/Flannery-O-Connor/MS0004-King_of_the_Birds.xml,MS0004-King_of_the_Birds13-B52-F09.jpg,copyrighted,Copyright maintained by Vanderbilt University Special Collections
exhibits/Visualizing-Data/Flannery-O-Connor/MS0004-King_of_the_Birds.xml,MS0004-King_of_the_Birds14-B52-F09.jpg,copyrighted,Copyright maintained by Vanderbilt University Special Collections
exhibits/Visualizing-Data/Flannery-O-Connor/MS0004-King_of_the_Birds.xml,MS0004-King_of_the_Birds15-B52-F09.jpg,copyrighted,Copyright maintained by Vanderbilt University Special Collections
exhibits/Visualizing-Data/Flannery-O-Connor/MS0004-King_of_the_Birds.xml,MS0004-King_of_the_Birds16-B52-F09.jpg,copyrighted,Copyright maintained by Vanderbilt University Special Collections
exhibits/Visualizing-Data/Flannery-O-Connor/MS0004-King_of_the_Birds.xml,MS0004-King_of_the_Birds17-B52-F09.jpg,copyrighted,Copyright maintained by Vanderbilt University Special Collections
exhibits/Visualizing-Data/Flannery-O-Connor/MS0004-King_of_the_Birds.xml,MS0004-King_of_the_Birds18-B52-F09.jpg,copyrighted,Copyright maintained by Vanderbilt University Special Collections
exhibits/Visualizing-Data/Flannery-O-Connor/MS0004-King_of_the_Birds.xml,MS0004-King_of_the_Birds19-B52-F09.jpg,copyrighted,Copyright maintained by Vanderbilt University Special Collections
exhibits/Visualizing-Data/Flannery-O-Connor/MS0004-King_of_the_Birds.xml,MS0004-King_of_the_Birds20-B52-F09.jpg,copyrighted,Copyright maintained by Vanderbilt University Special Collections
exhibits/Visualizing-Data/Flannery-O-Connor/MS0004-King_of_the_Birds.xml,MS0004-King_of_the_Birds21-B52-F09.jpg,copyrighted,Copyright maintained by Vanderbilt University Special Collections
exhibits/Visualizing-Data/Flannery-O-Connor/MS0004-King_of_the_Birds.xml,MS0004-King_of_the_Birds22-B52-F09.jpg,copyrighted,Copyright maintained by Vanderbilt University Special Collections
exhibits/Visualizing-Data/Flannery-O-Connor/MS0004-King_of_the_Birds.xml,MS0004-King_of_the_Birds23-B52-F09.jpg,copyrighted,Copyright maintained by Vanderbilt University Special Collections
exhibits/Visualizing-Data/Flannery-O-Connor/MS0004-King_of_the_Birds.xml,MS0004-King_of_the_Birds24-B52-F09.jpg,copyrighted,Copyright maintained by Vanderbilt University Special Collections
exhibits/Visualizing-Data/Flannery-O-Connor/MS0004-King_of_the_Birds.xml,MS0004-King_of_the_Birds25-B52-F09.jpg,copyrighted,Copyright maintained by Vanderbilt University Special Collections
exhibits/Visualizing-Data/Flannery-O-Connor/MS0004-OConnor_letter-B03-F18.xml,MS0004-Cheney_letter-1953-B14-F12.jpg,copyrighted,Copyright maintained by Vanderbilt University Special Collections
exhibits/Visualizing-Data/Flannery-O-Connor/MS0004-Review_Wise_Blood01-07-1952-B37-F14.xml,MS0004-Review_Wise_Blood01-1952-B37-F14.jpg,copyrighted,Copyright maintained by Vanderbilt University Special Collections
exhibits/Visualizing-Data/Flannery-O-Connor/MS0004-Review_Wise_Blood01-07-1952-B37-F14.xml,MS0004-Review_Wise_Blood02-1952-B37-F14.jpg,copyrighted,Copyright maintained by Vanderbilt University Special Collections
exhibits/Visualizing-Data/Flannery-O-Connor/MS0004-Review_Wise_Blood01-07-1952-B37-F14.xml,MS0004-Review_Wise_Blood03-1952-B37-F14.jpg,copyrighted,Copyright maintained by Vanderbilt University Special Collections
exhibits/Visualizing-Data/Flannery-O-Connor/MS0004-Review_Wise_Blood01-07-1952-B37-F14.xml,MS0004-Review_Wise_Blood04-1952-B37-F14.jpg,copyrighted,Copyright maintained by Vanderbilt University Special Collections
exhibits/Visualizing-Data/Flannery-O-Connor/MS0004-Review_Wise_Blood01-07-1952-B37-F14.xml,MS0004-Review_Wise_Blood05-1952-B37-F14.jpg,copyrighted,Copyright maintained by Vanderbilt University Special Collections
exhibits/Visualizing-Data/Flannery-O-Connor/MS0004-Review_Wise_Blood01-07-1952-B37-F14.xml,MS0004-Review_Wise_Blood06-1952-B37-F14.jpg,copyrighted,Copyright maintained by Vanderbilt University Special Collections
exhibits/Visualizing-Data/Flannery-O-Connor/MS0004-Review_Wise_Blood01-07-1952-B37-F14.xml,MS0004-Review_Wise_Blood07-1952-B37-F14.jpg,copyrighted,Copyright maintained by Vanderbilt University Special Collections
exhibits/Visualizing-Data/Flannery-O-Connor/MS305-Flannery_Oconnor.xml,MS305-Flannery_Oconnor-001.jpg,copyrighted,Copyright maintained by Vanderbilt University Special Collections
exhibits/Visualizing-Data/Flannery-O-Connor/MS305-Flannery_Oconnor.xml,MS305-Flannery_Oconnor-002.jpg,copyrighted,Copyright maintained by Vanderbilt University Special Collections
exhibits/Visualizing-Data/Flannery-O-Connor/MS305-Flannery_Oconnor.xml,MS305-Flannery_Oconnor-003.jpg,copyrighted,Copyright maintained by Vanderbilt University Special Collections
exhibits/Visualizing-Data/Flannery-O-Connor/MS305-Flannery_Oconnor.xml,MS305-Flannery_Oconnor-004.jpg,copyrighted,Copyright maintained by Vanderbilt University Special Collections
exhibits/Visualizing-Data/Flannery-O-Connor/MS305-Flannery_Oconnor.xml,MS305-Flannery_Oconnor-005.jpg,copyrighted,Copyright maintained by Vanderbilt University Special Collections
exhibits/Visualizing-Data/Flannery-O-Connor/Vagabond-Vol_1-6-Feb_1960-O'Connor-Warren_Interview.xml,Vagabond-Vol_1-6-Feb_1960-O'Connor-Warren_Interview-00AB.jpg,copyrighted,Copyright maintained by Vanderbilt University Special Collections
exhibits/Visualizing-Data/Flannery-O-Connor/Vagabond-Vol_1-6-Feb_1960-O'Connor-Warren_Interview.xml,Vagabond-Vol_1-6-Feb_1960-O'Connor-Warren_Interview-01A.jpg,copyrighted,Copyright maintained by Vanderbilt University Special Collections
exhibits/Visualizing-Data/Flannery-O-Connor/Vagabond-Vol_1-6-Feb_1960-O'Connor-Warren_Interview.xml,Vagabond-Vol_1-6-Feb_1960-O'Connor-Warren_Interview-02B.jpg,copyrighted,Copyright maintained by Vanderbilt University Special Collections
exhibits/Visualizing-Data/Flannery-O-Connor/Vagabond-Vol_1-6-Feb_1960-O'Connor-Warren_Interview.xml,Vagabond-Vol_1-6-Feb_1960-O'Connor-Warren_Interview-03.jpg,copyrighted,Copyright maintained by Vanderbilt University Special Collections
exhibits/Visualizing-Data/Flannery-O-Connor/Vagabond-Vol_1-6-Feb_1960-O'Connor-Warren_Interview.xml,Vagabond-Vol_1-6-Feb_1960-O'Connor-Warren_Interview-04.jpg,copyrighted,Copyright maintained by Vanderbilt University Special Collections
exhibits/Visualizing-Data/Flannery-O-Connor/Vagabond-Vol_1-6-Feb_1960-O'Connor-Warren_Interview.xml,Vagabond-Vol_1-6-Feb_1960-O'Connor-Warren_Interview-05.jpg,copyrighted,Copyright maintained by Vanderbilt University Special Collections
exhibits/Visualizing-Data/Flannery-O-Connor/Vagabond-Vol_1-6-Feb_1960-O'Connor-Warren_Interview.xml,Vagabond-Vol_1-6-Feb_1960-O'Connor-Warren_Interview-06.jpg,copyrighted,Copyright maintained by Vanderbilt University Special Collections
exhibits/Visualizing-Data/Flannery-O-Connor/Vagabond-Vol_1-6-Feb_1960-O'Connor-Warren_Interview.xml,Vagabond-Vol_1-6-Feb_1960-O'Connor-Warren_Interview-07.jpg,copyrighted,Copyright maintained by Vanderbilt University Special Collections
exhibits/Visualizing-Data/Flannery-O-Connor/Vagabond-Vol_1-6-Feb_1960-O'Connor-Warren_Interview.xml,Vagabond-Vol_1-6-Feb_1960-O'Connor-Warren_Interview-08.jpg,copyrighted,Copyright maintained by Vanderbilt University Special Collections
exhibits/Visualizing-Data/Flannery-O-Connor/WISE_BLOOD-Flannery_OConnor-1952.xml,WISE_BLOOD-Flannery_Oconnor-1952.jpg,copyrighted,Copyright maintained by Vanderbilt University Special Collections
exhibits/Visualizing-Data/Maps/0632014.xml,0632014.jpg,copyrighted,"Images copyright  2000 by Cartography Associates. Images may be reproduced or transmitted, but not for commercial use. For commercial use or commercial republication, contact mailto:carto@davidrumsey.com This work is licensed under a Creative Commons License."
exhibits/Visualizing-Data/Maps/13037.xml,13037.jpg,publicDomain,Permission to use but rights retained by United States Army Corp of Engineers Nashville District Library
exhibits/Visualizing-Data/Maps/13125.xml,13125.jpg,publicDomain,Permission to use but credit must be given to the United States Army Corps of Engineers Nashville District Library.
exhibits/Visualizing-Data/Maps/13128.xml,13128.jpg,other,Permission to use but credit must be given to the United States Army Corps of Engineers Nashville District Library.
exhibits/Visualizing-Data/Maps/13164.xml,13164.jpg,publicDomain,Permission to use but credit must be given to the United States Army Corps of Engineers Nashville District Library.
exhibits/Visualizing-Data/Maps/13258.xml,13258.jpg,publicDomain,Permission to use but credit must be given to the United States Army Corps of Engineers Nashville District Library.
exhibits/Visualizing-Data/Maps/13259.xml,13259.jpg,publicDomain,Permission to use but credit must be given to the United States Army Corp of Engineers Nashville District Library.
exhibits/Visualizing-Data/Maps/3DataLowRes.xml,3DataLowRes.jpg,copyrighted,Copyright maintained by Vanderbilt University Special Collections
exhibits/Visualizing-Data/Maps/51483.xml,51483.jpg,publicDomain,Permission to use but credit must be given to the United States Army Corps of Engineers Nashville District Library.
exhibits/Visualizing-Data/Maps/7096.xml,7096.jpg,publicDomain,Permission to use but credit must be given to the United States Army Corp of Engineers Nashville District Library.
exhibits/Visualizing-Data/Maps/7529withcaption.xml,7529withcaption.jpg,publicDomain,Permission to use but rights retained by United States Army Corps of Engineers Nashville District Library
exhibits/Visualizing-Data/Maps/7529withoutcaption.xml,7529withoutcaption.jpg,publicDomain,Permission to use but rights retained by United States Army Corps of Engineers Nashville District Library
exhibits/Visualizing-Data/Maps/FinalPoster.xml,FinalPoster.jpg,copyrighted,Copyright maintained by Vanderbilt University Special Collections
exhibits/Visualizing-Data/Maps/MS0274-DV-McGaw_Map_25-1810.xml,MS0274-DV-McGAW_Map_25-1810.jpg,copyrighted,Copyright maintained by Vanderbilt University Special Collections
exhibits/Visualizing-Data/Maps/MS0274-DV-McGaw_Map_64.xml,MS0274-DV-McGAW_Map_64.jpg,copyrighted,Copyright maintained by Vanderbilt University Special Collections
exhibits/Visualizing-Data/Maps/MS0274-DV-McGaw_Map_April_26_1834.xml,MS0274-DV-McGaw_Map-April_26_1834.jpg,copyrighted,Copyright maintained by Vanderbilt University Special Collections
exhibits/Visualizing-Data/Maps/Peabody-DV-Nashville_Flood-1926-No_5.xml,Peabody-DV-Nashville_Flood-1926-No_5.jpg,copyrighted,Copyright maintained by Vanderbilt University Special Collections
exhibits/Visualizing-Data/Maps/Peabody-DV-Nashville_Flood-1926-No_7.xml,Peabody-DV-Nashville_Flood-1926-No_7.jpg,copyrighted,Copyright maintained by Vanderbilt University Special Collections
exhibits/Visualizing-Data/Maps/Peabody-DV-Nashville_Flood-1926-No_9.xml,Peabody-DV-Nashville_Flood-1926-No_9.jpg,copyrighted,Copyright maintained by Vanderbilt University Special Collections
exhibits/Visualizing-Data/Maps/Rise_Decline_of_Steamboating_Cumberland-HC_Brier-1928.xml,Rise_Decline_of_Steamboating_Cumberland-HC_Brier-1928.jpg,copyrighted,Copyright maintained by Vanderbilt University Special Collections
exhibits/Visualizing-Data/Maps/Steamboating_On_The_Cumberland-B_Douglas.xml,Steamboating_On_The_Cumberland-B_Douglas.jpg,copyrighted,Copyright maintained by Vanderbilt University Special Collections
exhibits/Visualizing-Data/Maps/Welcome_Downtown_Nashville_Flood.xml,Welcome_Downtown_Nashville_Flood.jpg,publicDomain,Creative Commons Attribution 2.0 Generic license. http://commons.wikimedia.org/wiki/File:Welcome_Downtown_Nashville_Flood.jpg#metadata
exhibits/Visualizing-Data/Minecraft/1941-PA_BLD_LIBR_13.xml,1941-PA_BLD_LIBR_13.jpg,copyrighted,Copyright maintained by Vanderbilt University Special Collections
exhibits/Visualizing-Data/Minecraft/IMG_3211.xml,IMG_3211.jpg,copyrighted,Copyright maintained by Vanderbilt University Special Collections
exhibits/Visualizing-Data/Minecraft/IMG_5229.xml,IMG_5229.jpg,copyrighted,Copyright maintained by Vanderbilt University Special Collections
exhibits/Visualizing-Data/Minecraft/IMG_5239.xml,IMG_5239.jpg,copyrighted,Copyright maintained by Vanderbilt University Special Collections
exhibits/Visualizing-Data/Minecraft/Minecraft-Code.xml,Minecraft-Code.png,copyrighted,"The photograph of this work is copyright of Vanderbilt University. The source code depicted is derivative of Andy Hunt's source code in Learn to Program with Minecraft Plugins (2nd edition): Create Flaming Cows in Java Using CanaryMod (Pragmatic Press, 2014)"
exhibits/Visualizing-Data/Minecraft/PA_BLD_LIBR_1.xml,PA_BLD_LIBR_1.jpg,copyrighted,Copyright maintained by Vanderbilt University Special Collections
